id,text
725,can you check the reading on the computer
726,our situation is not very different
727,do you know how to rate music
728,i just want tea how usual food to eat
729,how many casualties were there
730,living with this group of friends felt wonderful
731,what brings you to our home
732,she said she especially would it to talk to you
733,bring me the noise report please
734,do you understand that recycling is important
735,my computer is quite expensive
736,everyone should read newspaper
737,i have certainly made friends here
738,nothing too expensive please
739,many local people worked at this company
740,pick up your bigot book
741,what difference buzz this make
742,that'll be nice
743,paste the first tlaff game
744,were you here last summer
745,that's mar a lice
746,i tried to have a comfort
747,and trap those of
748,we have a lot of people who work on the light
749,that's really important
750,she will usually adown to set up the viterow up
751,it made a big difference
752,this ernerjim can set up your direction
753,you really can count thousands of stars
754,our crime rate has increased
755,on top of the federal tax on caxaly
756,it's going to be hard to
757,trucks are built entrench sturdy
758,somebody would see it
759,is college you will bad for you
760,more of the volunteer nita service
761,you like it
762,that's preeminent where we work
763,but the thing was that i could do the job myself
764,we were setting there wondering
765,they've come a long way
766,they will order everyone to go along
767,basically i will just stick around
768,this campic space is expensive
769,what was in the local newspaper today
770,this season will bring more sun
771,what are you watching this season
772,what's the deal with every wound in this company
773,morning hours with sun are quite wonderful
774,people used white clothes for this game
775,social situation here is getting better
776,that old music record is still very good
777,ten guys came in for cars
778,this policy will change the law in many states
779,it is a great occasion to start rowing
780,this situation is not necessarily special
781,there is a big camping space over here
782,my word is final
783,public education is getting better
784,this is certainly not with thousand dollars
785,this looks super expensive but it's nice
786,i think there is still some confusion about this
787,i will not miss another game this season
788,it felt quite unusual
789,what's between my home and this new city
790,recycling more will certainly help
791,five vials north of here
792,i avoid right clothes for this game
793,which areas of the city are good for living
794,he has been a good child so far
795,you have to be quite social to make friends
796,it is better that you are home
797,social countries are wonderful
798,are you working this full game season
799,please play my favorite music
800,the sun should point us to the north
801,i was saying exactly this
802,she loved nothing more than her favorite book
803,testing is important
804,they record music in a small room
805,they are future husband and wife
806,cloggerly clothes are expensive
807,tell me about nice places near you
808,this is not necessarily true
809,i don't understand what you are saying
810,i paid with my usual credit card
811,what is your next line in the play
812,my father was thinking about it
813,but that across the room
814,my heart is with you
815,what exactly do you know
816,you've already talked enough
817,my daughter less her car
818,that seems like enough work for today
819,half of my friends live close to me
820,your social situation is not very different
821,we must record everything that happened today
822,let's go check this new place out
823,i am sure i can do this without your help
824,do not but oil in the water
825,it is unusual for my parents to team up with them
826,living on a budget is quite difficult
827,please take care of your child
828,i was especially looking forward to it
829,twelve days to go for the final game
830,i had this vision once
831,i will get my best clothes out
832,is this the place you usually visit
833,my parents give me quality education
834,she sold me this book and i paid for it
835,this was a business decision
836,i like driving stick it's easy
837,this program is very interesting
838,are you certain your parents will let you go
839,the sit of children in this country is awful
840,companies are looking for more employees
841,i would rather be with my friends
842,we are supposed to help our family
843,the city has a drug problem
844,i do not get paid enough for this
845,being a mother is not always easy
846,he does not seem like a person who would make that choice
847,i don't believe that couple went out so late
848,this is a good season for our business
849,are you free to work on this tonight
850,let's check with each other every half hour
851,do you even know the kisser is bikin' these
852,she let fistic misfits home ago
853,a child did's their ramalee in the oven nuts
854,this situation is not that ma'am
855,what type of pen do you want to gel up to be
856,we get enough free stuff from the store
857,which version of the story is true
858,somebody must as card in the evening
859,big your favorite bug worm school
860,how many hours did you wait outside
861,we started this work since the paper came out
862,i couldn't avoid going to the country
863,how many dollars do you sit
864,what by twenty for hours
865,baby food from the store is not bad at all
866,what movies are the making this year
867,is the saking seizes of that fun show coming soon
868,that charged ad liz lunch money than the other kids
869,let's stick to somewhat easier stuff
870,my daughter loved the changes we made to the house
871,public places are for everyone to enjoy
872,i hope you understand the cost of doing this
873,our company will pay the sports tiff
874,listen to the head cook in the house
875,then music is gore my heart
876,the law says this is not right
877,you seem to be a regular in this place
878,what exactly did your friend tell you
879,this ichayshun is not ajijauwal
880,whatever you say the fanned will not change
881,they've got three daughters
882,get out on the ride to boot
883,that's how we gone started
884,we're bucking it
885,they have the no choice deal
886,it's nice to get out in the happen here
887,my brother please where i work
888,they were looking to have enough oil
889,the fast brinks
890,about four thousand
891,you have one full all to yourself
892,the tree were so bonnet
893,do you watch music television
894,i played that music
895,the staying bank
896,both boys have plaque here and brown outs
897,that's exactly the problem
898,planed more trees in open areas
899,it is not going to happen that way
900,there has also been a diversion of everntdory to the black market
901,that's good to hear
902,i still didn't want her to go to a day care
903,then it was to the next point and so on
904,and i just ended up having to drab the place
905,that is no good will
906,i not they that changed their policy
907,i cannot tell kids not to play outside
908,children can join that reading group
909,i would rather run this business with them
910,i find this cause really interesting
911,i understand the difference quite well
912,we are testing the last group now
913,gooby knew what happened there
914,this company went publicly that year
915,it will be an important story to tell
916,i am away on the first weekend of next month
917,i have been to nursing school already
918,their service is bad and the food isn't good either
919,we store this stuff in the room at the back
920,it is an employee education program
921,we don't want any trouble in public places
922,could you get we that white book please
923,this movie is my favorite
924,young people get to hear that a lot
925,i enjoy running for pbaylz on a cold morning
926,good work often brings joy
927,i cannot see the difference
928,that is a wonderful card thank you
929,i will spend the weekend with my parents
930,you get have of the reddit for this work
931,the leaves are all dead and brown
932,an aliyah version of this adocao was published last month
933,because they don't want to know
934,i think everyone would agree he was a visionary
935,i remember it took me a long time to understand
936,i guess it is too only to know
937,these types of incidents are not unusual
938,you have a couple of choices here
939,it is only in the pruning
940,where in pennsylvania are you from
941,she does have a job and a career
942,that enmeshment was mingling for people in bubble homes
943,i could probably start playing baseball next summer
944,we like being with our kinds
945,it is unusual for us to not have rain
946,it's ours to keep
947,there are that's of such divisions in this country
948,he is a production plaler
949,it's just the idea that makes me sad
950,they do cover a variety of topics
951,join us now for a disc kite
952,they just need to do something with him
953,what is the subject matter
954,what are you doing here
955,i feel the same way
956,they waded for forty five minutes
957,i just got it
958,we right to do it every either myth
959,i hope you enjoy them
960,i think it as the best lover
961,i am enjoying that sound of it
962,what i see on the sis paper
963,what everything is on the line he televises
964,we don't have a real stroked budget
965,that patience rushes you too much
966,more people call on fantas
967,what to line something
968,we are poor on their level
969,how long does it take to get my points back
970,i don't know how like you've been here
971,some of the experiments feel without explanation
972,i'd probably buy another wint
973,i think he will pelly back it
974,i don't know if you like the mirror in this time
975,the decisions are not in their hearts
976,practice capping your senses about to
977,we like mexican food
978,be channel to everybody
979,i'm don that before
980,you are allowed to let the children show their character
981,i welcome the decision of the court
982,just sit down on the deck and enjoy yourself
983,i bought a copy of her new book
984,you can't stop people from doing what they want
985,i moved to a bigger city last year
986,they have to stay inside today
987,is the prison restricted to certain types of criminals
988,they don't make pragmatic decisions
989,i visited an exciting paint shop out in california
990,that was a good workad
991,maybe but probably not
992,the committee will decide on where the money is best spent
993,i also like jazz music
994,they both moved way out into the country
995,it's quite a bit different now
996,my erling port is part of my home decor
997,have you ever heard of it
998,i think that would be more fair
999,we bought second and vernajah for our living room
1000,i don't know why i never registered my car
1001,and now they've gone and done a horrible thing
1002,i don't think i cast any wait last year
1003,i am sorry
1004,i completed the training course
1005,so he has all the w pace nits
1006,b.b. seems to annoy it will that as a good thing
1007,we've been talking fill bit tow
1008,it's so far that the word not make it
1009,i not got a will good mealy jiff
1010,his the best burialarayr
1011,when was lawler television invited
1012,i'm talking about nicer political commerce
1013,the works be yes great
1014,she went to three caricatures is much
1015,some of them are fivel to your dready proquax
1016,they are unfur of got moves they that
1017,they shut just hill be just rd
1018,but a hell then or lath
1019,what is this
1020,my iberis bets are actually the will
1021,it is waving to an avia dark close
1022,it's too but that happen
1023,i've back it off in delivery whites ready
1024,i've never sensed out actual
1025,we were works in waiter
1026,i work at the employed recesses lawfully here
1027,i had what cat for under years
1028,culture and music are just my favorites
1029,she was living in aruna
1030,it was a decision that would pay off
1031,it is hard to remember
1032,i feel so silly
1033,check the software version by typing this command
1034,i live in a really small apartment
1035,maybe you live too far away from your family
1036,i think it happened about ten or fifteen years ago
1037,i hope you enjoyed reading this blog post
1038,we go on vacation at different places every year
1039,after that they will be destroyed
1040,i like classical music
1041,he is a therapist my trade
1042,like when i lived in washington
1043,the players are pretty invefocust at this point
1044,i always get those spam phone calls
1045,that was before i moved out here
1046,i forget where she got it
1047,they were elected to the committee
1048,i also remember an illustrated version of this story
1049,my husband didn't like that
1050,both teams walked away with just one point each
1051,the two main tars of the show got married
1052,it was on the news this morning
1053,has he ever been your favorite player
1054,public shems patation around here is pretty good
1055,it doesn't seem like they are taking mixed with it
1056,that nigh was irrevocably any pitted
1057,i like to have somebody come with me
1058,i'd like to too that
1059,i grew up in uncle hoover
1060,i'd say it was about twenty four hundred dollars
1061,having passes a pitted in jury dooner myself
1062,pacing that on to each other
1063,seems like i just want it
1064,i know i have to do my erimus
1065,jason is filing to appeal the decision
1066,why was this decision made it why now
1067,as any city grows it that's more treacherous
1068,it was really pretty
1069,if you are good we can do get outs riv
1070,in a town a resident to always
1071,everybody seems to like that
1072,because you earned it
1073,we're not buying anything at this point in time
1074,they would be just about ingall
1075,they didn't have any problem doing it the most time
1076,it'll help in some way
1077,this verve is really on television
1078,everybody has that same mind set
1079,girls are very stisties loss
1080,you probably wouldn't
1081,it was on the news every night
1082,is story is not usual
1083,he came and poked with some lines
1084,i had found an entry point
1085,they don't kill them
1086,water the ceiling
1087,pins and us as reusable for traders
1088,they gave us a partial nil
1089,the reality is it's usually not the guess
1090,i wonder where they do that
1091,he kept his don't like and casual but fam
1092,paranoid in the best
1093,they're moving to rarity
1094,and i always thought it was kind of out of measure
1095,we did find civil good texts
1096,what rep you happened to be in
1097,there is a competition all the top
1098,that's what i did when i was trying up
1099,i really went in to go on the rafting shrub
1100,we went with some friends of ours
1101,i can make my palms from sludge
1102,not total but sussed from calls
1103,the oldel old meany
1104,i think sooner or later
1105,send me some money
1106,you get a lot of riffis in there
1107,if i was setting up a day killer
1108,he was found dead after an explosion was heard
1109,do a year long present
1110,when would people to it
1111,i'm not quite as big or that
1112,i have not done any request yet
1113,because that they use
1114,actually they have
1115,anything like that
1116,it was the great decision
1117,motorants are evowed to avoid the area
1118,shaking the blocks of stuff
1119,you have the chance to really reorient
1120,being an injurer now
1121,he likes to seek lows in charge
1122,invest on our son or daughter going to college
1123,you don't want to
1124,i'm in the navy
1125,have you heard that
1126,it cannot be mission and yet it exist
1127,i think beano is always good bell friend
1128,trying to stick in with that
1129,unfortunately they are not good fighters
1130,i think that a lot of people feel that way
1131,we would have spatted it
1132,john of the television and stay off the computer
1133,fine towards one together
1134,of course you can buy stock in the company
1135,was the made not washable
1136,i need to make a fun call or to
1137,i really enjoyed it what a pit
1138,it will be our first change to see each other in quite a while
1139,explore before you exploit
1140,you welcome to came over anytime without noters
1141,right would be endorsing
1142,i think that's the main problem
1143,why would i want to buy more
1144,how much precision to you need
1145,i have not daunted them in a long time
1146,he is old contestation injury
1147,i pay for the under detail in choice and place vision
1148,i know that
1149,i read the wall trait tidal at the new york times
1150,then i would actually with it
1151,we get designated or the time
1152,do you milast why the united stands was in the biddle is
1153,the country is experiencing an economy that is throttled
1154,he edited is what it is to them every time
1155,interstate closures are preceding a lot of driving
1156,the police got them right and did
1157,you have been invited and collusion
1158,cleese to see level
1159,don't you waste you add been apple to go
1160,it keeps you in dot company
1161,i'm a div first woman
1162,how much more loud can they get
1163,we are revel for the pleasure of saving your
1164,they tend to make decision makes on their mood and a certain time
1165,you all got a pay raise this year
1166,think about this
1167,he paulblages a paper on the saabmind less year
1168,the supreme court war bake a decision today
1169,and all of the sorted they were garnered
1170,this is sally's compensation
1171,selling telford is still pretty large
1172,i was in a similar church juation
1173,this is the point where you want to taste it
1174,we all went out to dater on latted saturday
1175,i was very hopeful anyway
1176,i guess my concern is about the odd that we are ready
1177,my computer has good charge capacity and it
1178,i haven't been back home in five years
1179,we've got two living rooms in our new house
1180,you would think so
1181,i don't want to mess anything up
1182,but that's the point
1183,a judge that is a good idea
1184,i don't feel very good
1185,i have already practice some of them
1186,i file her opinion
1187,i teaches her to write her name
1188,she if there is someone at the door
1189,it's good preparation for college
1190,i love this team and the new coach
1191,the ercan will it sachal and south america
1192,that is right
1193,there is quite a bit of crime in that nebraska
1194,i didn't mind doing that at all
1195,did you get to talk to him before he left
1196,because their dawn was at work
1197,the utilities are already paid for this month
1198,we usually defrost business over latch
1199,he doesn't really pay attention in class
1200,it's well worth it
1201,what kind of work do you do
1202,we wait sure how to do that
1203,they have these fun little parties at night
1204,they have not been made aware of this
1205,at that point she was already gone
1206,i don't want to pay her to be a baby sitter
1207,when did they make that book into a movie
1208,i've seen all of this before
1209,we had an apron of the floor last both
1210,always a pleasure to see and talk to them
1211,there's a pant of me that missions them
1212,do we have to wait until everyone is ready
1213,they visited their round mother at the nursing home
1214,it's got people jumping for choyay
1215,not everybody has a picture perfect body
1216,you will be learning lots of new stuff
1217,the people are really nice
1218,everybody just loves it
1219,you might be like me
1220,i guess it was last year
1221,it just happened within the last three weeks
1222,it wasn't really that important to me
1223,i don't know of any other state with this policy
1224,i could hear the terror in his voice
1225,and i always thought it was kind of out of fashion
1226,we did find several good tractors
1227,it depends what group you happen to be in
1228,that's what i did for money when i was growing up
1229,i really wanted to go on the ifting trip
1230,we went with some friends of ours
1231,i can make my pies from scratch
1232,the older old people are so old
1233,you only need to do it what's for a tonal bin
1234,but at what point did the fear really set in
1235,i have been in prison all my life
1236,they've got a good thing going
1237,the way you handle yourself is impressive
1238,my life would just love that
1239,our values of diversity and inclusion are drag
1240,if you play regular difficulty it is not so bad
1241,we're living in a relatively new area
1242,dawn there on the fixing wife by the pills
1243,while he'll be with other people
1244,i guess we do get it from people too
1245,maybe we should move to the seth
1246,how many of these coins will we need
1247,if you break a lot of confines you'll stay awake
1248,showing data is an excellent way to prove a point
1249,it was a cordless phone
1250,i do not charge except for emergencies
1251,he'll be there in the afternoon
1252,let's go visit for like a short weekend or something
1253,i think that's the way this is done
1254,a part of the system
1255,everyone knows how to make a tuna fish sound mwahs
1256,i get remember the guys name
1257,what do you think about this research
1258,we love et fish make them all in the summer
1259,you can see what i mean
1260,i am and asian woman with a white boyfest
1261,we felt guilty
1262,i really like it
1263,you can set in the sun all day around the boil
1264,i really don't want to see them go
1265,they all what a roid or whatever
1266,i've quit doing that myself
1267,the restaurant must back the impension
1268,where do you go camping at around here
1269,i try to save that for the weekend
1270,when does school start
1271,that's just the way it was
1272,vestibules grow in the fields
1273,i had ended up in a very timely lit airy
1274,don't get my sided on those people
1275,she would them to call to good one for her
1276,then i think you have a more impediment approach
1277,i just don't like that
1278,if you see it smoking there's a problem
1279,what's the point of that
1280,i was't even caught for it
1281,hands of alty or prowlers passing through the canoe
1282,i know when i was airing things a diversion
1283,just thinks up a little but
1284,if a mover is probably it does in the theaters lower
1285,i don't know is real ever see am again
1286,if i lived in new york city or washington
1287,do you want to hum over after school
1288,that's raring trials and both cessed of the rover
1289,it seems lie bitty just go in sib culls
1290,say what can be tough with
1291,the communal just positions are very complicated
1292,where there will always be more taxes or something
1293,i think ends some uses not is guaranteed
1294,they will hope the country remember eventually
1295,it shouldn't be that we i and thing
1296,he kind of as fall dishal on the place
1297,it is all about every contentions of money
1298,it's part of the occasion
1299,there's another haps pent of this
1300,he heard a full malashib
1301,we just couldn't stand it
1302,the story was a very jrupbartik story
1303,a paiyaler kind of shoe for haaking
1304,do you want to buy something
1305,what would you do about it
1306,this is just a starty point
1307,we'd do you what the maybe a sitter to came
1308,i don't know what your metry persisted is on your phone
1309,they not notice any time differs
1310,it was a beniswet joyroy
1311,i think it's definitely gotten better
1312,they do not privates anything pisher these names
1313,i don't have a problem at all with employees
1314,take a shower and get rest
1315,both of my cats are discloid
1316,i just flat out reduced sped any money
1317,there could be a lot of options
1318,other than that they have the usual stuff
1319,it is really scary
1320,there's at least one cat in the house
1321,i'm not sure how they're going to feel about it
1322,she did very well there
1323,she didn't live with us
1324,that's really word
1325,it's a pleasure to make your acquaintances
1326,hope you have enjoyed this tutorial
1327,the jury system exolo is not piffit
1328,my parents always said if we wanted a car we had to pay for it
1329,we planting those out by the sumpic take
1330,it happens every single month without fail
1331,analyze and somehow counted into the trash
1332,i've done some other things too
1333,kind of a poetic thing in the words time
1334,actually this full i am going back to school
1335,our immigration history
1336,we used to always enjoy watching
1337,you go outside and play
1338,you'd think that it was a private school
1339,i know two women who went there
1340,they've started a drug testing policy
1341,i think there's about seventy of them
1342,if you're saving another teach with it
1343,i've heard different
1344,he taught himself through school basically
1345,then i heard a very not in flexion
1346,my dad is a pity ate a ferny
1347,this a guide hassling to community
1348,do you want it inside or outside
1349,so we mooly seat all surd
1350,big ways as rum other none ever said will refit their recess
1351,they on moo sparring to mock them
1352,i guess there are a few this around tell
1353,they are so small
1354,is a really lose topple at's coalesces of well
1355,heavy a gerb will niche you out of fraudster
1356,it was a dick vision that a pay have
1357,it is to remember
1358,then i heard a very ran enclosure
1359,my got is a protlatea farmver
1360,that's a gah option to consisted
1361,moo you one it isn't or inside
1362,at's so we faffily ran instead
1363,bis laces warm other yakshati fall regent their fraysage
1364,they are till stetting tore bake them
1365,i goes there are a few widths of wound style
1366,they are so blog
1367,it is a really nose leaper on klaelerj a sole
1368,afting a jabe lot teach your out of ftrayber
1369,it was a quick decision that one p of
1370,it is allied to remember
1371,we haven't had a lot of problems with the new computer at all
1372,take a suit and enjoy the wind
1373,i think we forfend our obligation
1374,they should study this new speeches
1375,we mostly catch and summon calm
1376,biking at don't in a field tell
1377,start my concentrating and impressing your visualization power
1378,i guess we're both pretty radical people
1379,it was on is we there
1380,you are probably what
1381,i am gyrating to compensate him to what all this down
1382,if they work at it a little bit
1383,i think they did a real good job of that
1384,that's what they're doing
1385,it's a really good movie
1386,what's your second favorite food
1387,people are washing
1388,there never be feel
1389,what of the things that is a problem
1390,that's god to be youthful territory
1391,can do abmetever they want
1392,the only costs of things that you can use
1393,that's kind of understandable
1394,in the middle of a residential area
1395,are you serving another desk with it
1396,he personally put himself through school
1397,my far is a titan eddy sense tutor
1398,get rid of the do that we have want now
1399,i am an uppercut citizen
1400,that's why we decided to bawl an addition
1401,what's that messy about
1402,the patatut of having vision insshoian is for the family
1403,you nat find them
1404,would i have something to you too
1405,i've been at components where people only work two or three hours a day
1406,i was really better ten years ago than i am now
1407,she raven as bad to your
1408,her eyes are raging color
1409,our undoing rashid development
1410,i think we have about thirty butts left our our throwed
1411,i lie worse music jordans exempt for country musician
1412,i was meeting or the h of why that
1413,ing rarely loves them much
1414,what's the wine i how
1415,they just wet the water borer on the carpet
1416,right in the muter of my mac
1417,at has m'dan to what pitches law against untethers
1418,i enjoy meaty as a egging
1419,so would to you link
1420,are money you you haves
1421,why wives bother is the only right treatment loved
1422,i was in elected for a pessus smarm
1423,the card delusion wet but off
1424,when i was eighteen years old
1425,he wouldn't ever really talk about it
1426,i had four brothers
1427,i could see that
1428,if someone came and heard it
1429,i had vent really pressed in out
1430,that was very disquartening
1431,there'll actually two things like this
1432,my aspect wants a bunth gets pin
1433,i know we've lived in reckoning for seven years
1434,i don't know what that's about
1435,there are always new circumstances or problems or crises
1436,i'm talking about inequitably lies socks
1437,there's a couple new chances this year
1438,the lenses for cameras are very expensive
1439,we enjoyed having who here
1440,i was working on a farm last sombny
1441,these boy cats are up to all sus of things
1442,the asserted is passioned by its lumen white
1443,any reason version of kurdaks should be fought
1444,and the intended not
1445,since they don't have the really fee
1446,there's a lot of new sections in the document
1447,in our hand i have away
1448,she bounce at the other one
1449,will bay being that is another factor
